state,constituency,winning_party
Andhra Pradesh,Amalapuram (SC),Telugu Desam
Andhra Pradesh,Anakapalle,Bharatiya Janata Party
Andhra Pradesh,Ananthapur,Telugu Desam
Andhra Pradesh,Araku (ST),Yuvajana Sramika Rythu Congress Party
Andhra Pradesh,Bapatla (SC),Telugu Desam
Andhra Pradesh,Chittoor(SC),Telugu Desam
Andhra Pradesh,Eluru,Telugu Desam
Andhra Pradesh,Guntur,Telugu Desam
Andhra Pradesh,Hindupur,Telugu Desam
Andhra Pradesh,Kadapa,Yuvajana Sramika Rythu Congress Party
Andhra Pradesh,Kakinada,Janasena Party
Andhra Pradesh,Kurnoolu,Telugu Desam
Andhra Pradesh,Machilipatnam,Janasena Party
Andhra Pradesh,Nandyal,Telugu Desam
Andhra Pradesh,Narsapuram,Bharatiya Janata Party
Andhra Pradesh,Narsaraopet,Telugu Desam
Andhra Pradesh,Nellore,Telugu Desam
Andhra Pradesh,Ongole,Telugu Desam
Andhra Pradesh,Rajahmundry,Bharatiya Janata Party
Andhra Pradesh,Rajampet,Yuvajana Sramika Rythu Congress Party
Andhra Pradesh,Srikakulam,Telugu Desam
Andhra Pradesh,Thirupathi(SC),Yuvajana Sramika Rythu Congress Party
Andhra Pradesh,Vijayawada,Telugu Desam
Andhra Pradesh,Visakhapatnam,Telugu Desam
Andhra Pradesh,Vizianagaram,Telugu Desam
Arunachal Pradesh,Arunachal East,Bharatiya Janata Party
Arunachal Pradesh,Arunachal West,Bharatiya Janata Party
Assam,Barpeta,Asom Gana Parishad
Assam,Darrang-Udalguri,Bharatiya Janata Party
Assam,Dhubri,Indian National Congress
Assam,Dibrugarh,Bharatiya Janata Party
Assam,Diphu,Bharatiya Janata Party
Assam,Guwahati,Bharatiya Janata Party
Assam,Jorhat,Indian National Congress
Assam,Karimganj,Bharatiya Janata Party
Assam,Kaziranga,Bharatiya Janata Party
Assam,Kokrajhar,"United People’s Party, Liberal"
Assam,Lakhimpur,Bharatiya Janata Party
Assam,Nagaon,Indian National Congress
Assam,Silchar,Bharatiya Janata Party
Assam,Sonitpur,Bharatiya Janata Party
Bihar,Araria,Bharatiya Janata Party
Bihar,Arrah,Communist Party of India  (Marxist-Leninist)  (Liberation)
Bihar,Aurangabad,Rashtriya Janata Dal
Bihar,Banka,Janata Dal  (United)
Bihar,Begusarai,Bharatiya Janata Party
Bihar,Bhagalpur,Janata Dal  (United)
Bihar,Buxar,Rashtriya Janata Dal
Bihar,Darbhanga,Bharatiya Janata Party
Bihar,Gaya,Hindustani Awam Morcha (Secular)
Bihar,Gopalganj,Janata Dal  (United)
Bihar,Hajipur,Lok Janshakti Party(Ram Vilas)
Bihar,Jahanabad,Rashtriya Janata Dal
Bihar,Jamui,Lok Janshakti Party(Ram Vilas)
Bihar,Jhanjharpur,Janata Dal  (United)
Bihar,Karakat,Communist Party of India  (Marxist-Leninist)  (Liberation)
Bihar,Katihar,Indian National Congress
Bihar,Khagaria,Lok Janshakti Party(Ram Vilas)
Bihar,Kishanganj,Indian National Congress
Bihar,Madhepura,Janata Dal  (United)
Bihar,Madhubani,Bharatiya Janata Party
Bihar,Maharajganj,Bharatiya Janata Party
Bihar,Munger,Janata Dal  (United)
Bihar,Muzaffarpur,Bharatiya Janata Party
Bihar,Nalanda,Janata Dal  (United)
Bihar,Nawada,Bharatiya Janata Party
Bihar,Paschim Champaran,Bharatiya Janata Party
Bihar,Patliputra,Rashtriya Janata Dal
Bihar,Patna Sahib,Bharatiya Janata Party
Bihar,Purnia,Independent
Bihar,Purvi Champaran,Bharatiya Janata Party
Bihar,Samastipur,Lok Janshakti Party(Ram Vilas)
Bihar,Saran,Bharatiya Janata Party
Bihar,Sasaram,Indian National Congress
Bihar,Sheohar,Janata Dal  (United)
Bihar,Sitamarhi,Janata Dal  (United)
Bihar,Siwan,Janata Dal  (United)
Bihar,Supaul,Janata Dal  (United)
Bihar,Ujiarpur,Bharatiya Janata Party
Bihar,Vaishali,Lok Janshakti Party(Ram Vilas)
Bihar,Valmiki Nagar,Janata Dal  (United)
Goa,North Goa,Bharatiya Janata Party
Goa,South Goa,Indian National Congress
Gujarat,Ahmedabad East,Bharatiya Janata Party
Gujarat,Ahmedabad West,Bharatiya Janata Party
Gujarat,Amreli,Bharatiya Janata Party
Gujarat,Anand,Bharatiya Janata Party
Gujarat,Banaskantha,Indian National Congress
Gujarat,Bardoli,Bharatiya Janata Party
Gujarat,Bharuch,Bharatiya Janata Party
Gujarat,Bhavnagar,Bharatiya Janata Party
Gujarat,Chhota Udaipur,Bharatiya Janata Party
Gujarat,Dahod,Bharatiya Janata Party
Gujarat,Gandhinagar,Bharatiya Janata Party
Gujarat,Jamnagar,Bharatiya Janata Party
Gujarat,Junagadh,Bharatiya Janata Party
Gujarat,Kachchh,Bharatiya Janata Party
Gujarat,Kheda,Bharatiya Janata Party
Gujarat,Mahesana,Bharatiya Janata Party
Gujarat,Navsari,Bharatiya Janata Party
Gujarat,Panchmahal,Bharatiya Janata Party
Gujarat,Patan,Bharatiya Janata Party
Gujarat,Porbandar,Bharatiya Janata Party
Gujarat,Rajkot,Bharatiya Janata Party
Gujarat,Sabarkantha,Bharatiya Janata Party
Gujarat,Surat,Bharatiya Janata Party
Gujarat,Surendranagar,Bharatiya Janata Party
Gujarat,Vadodara,Bharatiya Janata Party
Gujarat,Valsad,Bharatiya Janata Party
Haryana,AMBALA,Indian National Congress
Haryana,BHIWANI-MAHENDRAGARH,Bharatiya Janata Party
Haryana,FARIDABAD,Bharatiya Janata Party
Haryana,GURGAON,Bharatiya Janata Party
Haryana,HISAR,Indian National Congress
Haryana,KARNAL,Bharatiya Janata Party
Haryana,KURUKSHETRA,Bharatiya Janata Party
Haryana,ROHTAK,Indian National Congress
Haryana,SIRSA,Indian National Congress
Haryana,SONIPAT,Indian National Congress
Himachal Pradesh,HAMIRPUR,Bharatiya Janata Party
Himachal Pradesh,KANGRA,Bharatiya Janata Party
Himachal Pradesh,MANDI,Bharatiya Janata Party
Himachal Pradesh,SHIMLA,Bharatiya Janata Party
Karnataka,Bagalkot,Bharatiya Janata Party
Karnataka,Bangalore central,Bharatiya Janata Party
Karnataka,Bangalore North,Bharatiya Janata Party
Karnataka,Bangalore Rural,Bharatiya Janata Party
Karnataka,Bangalore South,Bharatiya Janata Party
Karnataka,Belgaum,Bharatiya Janata Party
Karnataka,Bellary,Indian National Congress
Karnataka,Bidar,Indian National Congress
Karnataka,Bijapur,Bharatiya Janata Party
Karnataka,Chamarajanagar,Indian National Congress
Karnataka,Chikkballapur,Bharatiya Janata Party
Karnataka,Chikkodi,Indian National Congress
Karnataka,Chitradurga,Bharatiya Janata Party
Karnataka,Dakshina Kannada,Bharatiya Janata Party
Karnataka,Davanagere,Indian National Congress
Karnataka,Dharwad,Bharatiya Janata Party
Karnataka,Gulbarga,Indian National Congress
Karnataka,Hassan,Indian National Congress
Karnataka,Haveri,Bharatiya Janata Party
Karnataka,Kolar,Janata Dal  (Secular)
Karnataka,Koppal,Indian National Congress
Karnataka,Mandya,Janata Dal  (Secular)
Karnataka,Mysore,Bharatiya Janata Party
Karnataka,Raichur,Indian National Congress
Karnataka,Shimoga,Bharatiya Janata Party
Karnataka,Tumkur,Bharatiya Janata Party
Karnataka,Udupi Chikmagalur,Bharatiya Janata Party
Karnataka,Uttara Kannada,Bharatiya Janata Party
Kerala,Alappuzha,Indian National Congress
Kerala,Alathur,Communist Party of India  (Marxist)
Kerala,Attingal,Indian National Congress
Kerala,Chalakudy,Indian National Congress
Kerala,Ernakulam,Indian National Congress
Kerala,Idukki,Indian National Congress
Kerala,Kannur,Indian National Congress
Kerala,Kasaragod,Indian National Congress
Kerala,Kollam,Revolutionary Socialist Party
Kerala,Kottayam,Kerala Congress
Kerala,Kozhikode,Indian National Congress
Kerala,Malappuram,Indian Union Muslim League
Kerala,Mavelikkara,Indian National Congress
Kerala,Palakkad,Indian National Congress
Kerala,Pathanamthitta,Indian National Congress
Kerala,Ponnani,Indian Union Muslim League
Kerala,Thiruvananthapuram,Indian National Congress
Kerala,Thrissur,Bharatiya Janata Party
Kerala,Vadakara,Indian National Congress
Kerala,Wayanad,Indian National Congress
Madhya Pradesh,BALAGHAT,Bharatiya Janata Party
Madhya Pradesh,BETUL,Bharatiya Janata Party
Madhya Pradesh,BHIND,Bharatiya Janata Party
Madhya Pradesh,BHOPAL,Bharatiya Janata Party
Madhya Pradesh,CHHINDWARA,Bharatiya Janata Party
Madhya Pradesh,DAMOH,Bharatiya Janata Party
Madhya Pradesh,DEWAS,Bharatiya Janata Party
Madhya Pradesh,DHAR,Bharatiya Janata Party
Madhya Pradesh,GUNA,Bharatiya Janata Party
Madhya Pradesh,GWALIOR,Bharatiya Janata Party
Madhya Pradesh,HOSHANGABAD,Bharatiya Janata Party
Madhya Pradesh,INDORE,Bharatiya Janata Party
Madhya Pradesh,JABALPUR,Bharatiya Janata Party
Madhya Pradesh,KHAJURAHO,Bharatiya Janata Party
Madhya Pradesh,KHANDWA,Bharatiya Janata Party
Madhya Pradesh,KHARGONE,Bharatiya Janata Party
Madhya Pradesh,MANDLA,Bharatiya Janata Party
Madhya Pradesh,MANDSOUR,Bharatiya Janata Party
Madhya Pradesh,MORENA,Bharatiya Janata Party
Madhya Pradesh,RAJGARH,Bharatiya Janata Party
Madhya Pradesh,RATLAM,Bharatiya Janata Party
Madhya Pradesh,REWA,Bharatiya Janata Party
Madhya Pradesh,SAGAR,Bharatiya Janata Party
Madhya Pradesh,SATNA,Bharatiya Janata Party
Madhya Pradesh,SHAHDOL,Bharatiya Janata Party
Madhya Pradesh,SIDHI,Bharatiya Janata Party
Madhya Pradesh,TIKAMGARH,Bharatiya Janata Party
Madhya Pradesh,UJJAIN,Bharatiya Janata Party
Madhya Pradesh,VIDISHA,Bharatiya Janata Party
Maharashtra,Ahmednagar,Nationalist Congress Party – Sharadchandra Pawar
Maharashtra,Akola,Bharatiya Janata Party
Maharashtra,Amravati,Indian National Congress
Maharashtra,Aurangabad,Shiv Sena
Maharashtra,Baramati,Nationalist Congress Party – Sharadchandra Pawar
Maharashtra,Beed,Nationalist Congress Party – Sharadchandra Pawar
Maharashtra,Bhandara Gondiya,Indian National Congress
Maharashtra,Bhiwandi,Nationalist Congress Party – Sharadchandra Pawar
Maharashtra,Buldhana,Shiv Sena
Maharashtra,Chandrapur,Indian National Congress
Maharashtra,Dhule,Indian National Congress
Maharashtra,Dindori,Nationalist Congress Party – Sharadchandra Pawar
Maharashtra,Gadchiroli - Chimur,Indian National Congress
Maharashtra,Hatkanangale,Shiv Sena
Maharashtra,Hingoli,Shiv Sena (Uddhav Balasaheb Thackrey)
Maharashtra,Jalgaon,Bharatiya Janata Party
Maharashtra,Jalna,Indian National Congress
Maharashtra,Kalyan,Shiv Sena
Maharashtra,Kolhapur,Indian National Congress
Maharashtra,Latur,Indian National Congress
Maharashtra,Madha,Nationalist Congress Party – Sharadchandra Pawar
Maharashtra,Maval,Shiv Sena
Maharashtra,Mumbai North,Bharatiya Janata Party
Maharashtra,Mumbai North Central,Indian National Congress
Maharashtra,Mumbai North East,Shiv Sena (Uddhav Balasaheb Thackrey)
Maharashtra,Mumbai North West,Shiv Sena
Maharashtra,Mumbai South,Shiv Sena (Uddhav Balasaheb Thackrey)
Maharashtra,Mumbai South Central,Shiv Sena (Uddhav Balasaheb Thackrey)
Maharashtra,Nagpur,Bharatiya Janata Party
Maharashtra,Nanded,Indian National Congress
Maharashtra,Nandurbar,Indian National Congress
Maharashtra,Nashik,Shiv Sena (Uddhav Balasaheb Thackrey)
Maharashtra,Osmanabad,Shiv Sena (Uddhav Balasaheb Thackrey)
Maharashtra,Palghar,Bharatiya Janata Party
Maharashtra,Parbhani,Shiv Sena (Uddhav Balasaheb Thackrey)
Maharashtra,Pune,Bharatiya Janata Party
Maharashtra,Raigad,Nationalist Congress Party
Maharashtra,Ramtek,Indian National Congress
Maharashtra,Ratnagiri- Sindhudurg,Bharatiya Janata Party
Maharashtra,Raver,Bharatiya Janata Party
Maharashtra,Sangli,Independent
Maharashtra,Satara,Bharatiya Janata Party
Maharashtra,Shirdi,Shiv Sena (Uddhav Balasaheb Thackrey)
Maharashtra,Shirur,Nationalist Congress Party – Sharadchandra Pawar
Maharashtra,Solapur,Indian National Congress
Maharashtra,Thane,Shiv Sena
Maharashtra,Wardha,Nationalist Congress Party – Sharadchandra Pawar
Maharashtra,Yavatmal- Washim,Shiv Sena (Uddhav Balasaheb Thackrey)
Manipur,Inner Manipur,Indian National Congress
Manipur,Outer Manipur,Indian National Congress
Meghalaya,Shillong,Voice of the People Party
Meghalaya,Tura,Indian National Congress
Mizoram,MIZORAM,Zoram People’s Movement
Nagaland,Nagaland,Indian National Congress
Odisha,Aska,Bharatiya Janata Party
Odisha,Balasore,Bharatiya Janata Party
Odisha,Bargarh,Bharatiya Janata Party
Odisha,Berhampur,Bharatiya Janata Party
Odisha,Bhadrak,Bharatiya Janata Party
Odisha,Bhubaneswar,Bharatiya Janata Party
Odisha,Bolangir,Bharatiya Janata Party
Odisha,Cuttack,Bharatiya Janata Party
Odisha,Dhenkanal,Bharatiya Janata Party
Odisha,Jagatsinghpur,Bharatiya Janata Party
Odisha,Jajpur,Bharatiya Janata Party
Odisha,Kalahandi,Bharatiya Janata Party
Odisha,Kandhamal,Bharatiya Janata Party
Odisha,Kendrapara,Bharatiya Janata Party
Odisha,Keonjhar,Bharatiya Janata Party
Odisha,Koraput,Indian National Congress
Odisha,Mayurbhanj,Bharatiya Janata Party
Odisha,Nabarangpur,Bharatiya Janata Party
Odisha,Puri,Bharatiya Janata Party
Odisha,Sambalpur,Bharatiya Janata Party
Odisha,Sundargarh,Bharatiya Janata Party
Punjab,Amritsar,Indian National Congress
Punjab,Anandpur Sahib,Aam Aadmi Party
Punjab,Bathinda,Shiromani Akali Dal
Punjab,Faridkot,Independent
Punjab,Fatehgarh Sahib,Indian National Congress
Punjab,Firozpur,Indian National Congress
Punjab,Gurdaspur,Indian National Congress
Punjab,Hoshiarpur,Aam Aadmi Party
Punjab,Jalandhar,Indian National Congress
Punjab,Khadoor Sahib,Independent
Punjab,Ludhiana,Indian National Congress
Punjab,Patiala,Indian National Congress
Punjab,Sangrur,Aam Aadmi Party
Rajasthan,AJMER,Bharatiya Janata Party
Rajasthan,ALWAR,Bharatiya Janata Party
Rajasthan,BANSWARA,Bharat Adivasi Party
Rajasthan,BARMER,Indian National Congress
Rajasthan,BHARATPUR,Indian National Congress
Rajasthan,BHILWARA,Bharatiya Janata Party
Rajasthan,BIKANER,Bharatiya Janata Party
Rajasthan,CHITTORGARH,Bharatiya Janata Party
Rajasthan,CHURU,Indian National Congress
Rajasthan,DAUSA,Indian National Congress
Rajasthan,GANGANAGAR,Indian National Congress
Rajasthan,JAIPUR,Bharatiya Janata Party
Rajasthan,JAIPUR RURAL,Bharatiya Janata Party
Rajasthan,JALORE,Bharatiya Janata Party
Rajasthan,JHALAWAR-BARAN,Bharatiya Janata Party
Rajasthan,JHUNJHUNU,Indian National Congress
Rajasthan,JODHPUR,Bharatiya Janata Party
Rajasthan,KARAULI-DHOLPUR,Indian National Congress
Rajasthan,KOTA,Bharatiya Janata Party
Rajasthan,NAGAUR,Rashtriya Loktantrik Party
Rajasthan,PALI,Bharatiya Janata Party
Rajasthan,RAJSAMAND,Bharatiya Janata Party
Rajasthan,SIKAR,Communist Party of India  (Marxist)
Rajasthan,TONK-SAWAI MADHOPUR,Indian National Congress
Rajasthan,UDAIPUR,Bharatiya Janata Party
Sikkim,Sikkim,Sikkim Krantikari Morcha
Tamil Nadu,ARAKKONAM,Dravida Munnetra Kazhagam
Tamil Nadu,ARANI,Dravida Munnetra Kazhagam
Tamil Nadu,CHENNAI CENTRAL,Dravida Munnetra Kazhagam
Tamil Nadu,CHENNAI NORTH,Dravida Munnetra Kazhagam
Tamil Nadu,CHENNAI SOUTH,Dravida Munnetra Kazhagam
Tamil Nadu,CHIDAMBARAM,Viduthalai Chiruthaigal Katchi
Tamil Nadu,COIMBATORE,Dravida Munnetra Kazhagam
Tamil Nadu,CUDDALORE,Indian National Congress
Tamil Nadu,DHARMAPURI,Dravida Munnetra Kazhagam
Tamil Nadu,DINDIGUL,Communist Party of India  (Marxist)
Tamil Nadu,ERODE,Dravida Munnetra Kazhagam
Tamil Nadu,KALLAKURICHI,Dravida Munnetra Kazhagam
Tamil Nadu,KANCHEEPURAM,Dravida Munnetra Kazhagam
Tamil Nadu,KANNIYAKUMARI,Indian National Congress
Tamil Nadu,KARUR,Indian National Congress
Tamil Nadu,KRISHNAGIRI,Indian National Congress
Tamil Nadu,MADURAI,Communist Party of India  (Marxist)
Tamil Nadu,MAYILADUTHURAI,Indian National Congress
Tamil Nadu,NAGAPATTINAM,Communist Party of India
Tamil Nadu,NAMAKKAL,Dravida Munnetra Kazhagam
Tamil Nadu,NILGIRIS,Dravida Munnetra Kazhagam
Tamil Nadu,PERAMBALUR,Dravida Munnetra Kazhagam
Tamil Nadu,POLLACHI,Dravida Munnetra Kazhagam
Tamil Nadu,RAMANATHAPURAM,Indian Union Muslim League
Tamil Nadu,SALEM,Dravida Munnetra Kazhagam
Tamil Nadu,SIVAGANGA,Indian National Congress
Tamil Nadu,SRIPERUMBUDUR,Dravida Munnetra Kazhagam
Tamil Nadu,TENKASI,Dravida Munnetra Kazhagam
Tamil Nadu,THANJAVUR,Dravida Munnetra Kazhagam
Tamil Nadu,THENI,Dravida Munnetra Kazhagam
Tamil Nadu,THOOTHUKKUDI,Dravida Munnetra Kazhagam
Tamil Nadu,TIRUCHIRAPPALLI,Marumalarchi Dravida Munnetra Kazhagam
Tamil Nadu,TIRUNELVELI,Indian National Congress
Tamil Nadu,TIRUPPUR,Communist Party of India
Tamil Nadu,TIRUVALLUR,Indian National Congress
Tamil Nadu,TIRUVANNAMALAI,Dravida Munnetra Kazhagam
Tamil Nadu,VELLORE,Dravida Munnetra Kazhagam
Tamil Nadu,VILUPPURAM,Viduthalai Chiruthaigal Katchi
Tamil Nadu,VIRUDHUNAGAR,Indian National Congress
Tripura,Tripura East,Bharatiya Janata Party
Tripura,Tripura West,Bharatiya Janata Party
Uttar Pradesh,Agra,Bharatiya Janata Party
Uttar Pradesh,Akbarpur,Bharatiya Janata Party
Uttar Pradesh,Aligarh,Bharatiya Janata Party
Uttar Pradesh,Allahabad,Indian National Congress
Uttar Pradesh,Ambedkar Nagar,Samajwadi Party
Uttar Pradesh,Amethi,Indian National Congress
Uttar Pradesh,Amroha,Bharatiya Janata Party
Uttar Pradesh,Aonla,Samajwadi Party
Uttar Pradesh,Azamgarh,Samajwadi Party
Uttar Pradesh,Badaun,Samajwadi Party
Uttar Pradesh,Baghpat,Rashtriya Lok Dal
Uttar Pradesh,Baharaich,Bharatiya Janata Party
Uttar Pradesh,Ballia,Samajwadi Party
Uttar Pradesh,Banda,Samajwadi Party
Uttar Pradesh,Bansgaon,Bharatiya Janata Party
Uttar Pradesh,Barabanki,Indian National Congress
Uttar Pradesh,Bareilly,Bharatiya Janata Party
Uttar Pradesh,Basti,Samajwadi Party
Uttar Pradesh,Bhadohi,Bharatiya Janata Party
Uttar Pradesh,Bijnor,Rashtriya Lok Dal
Uttar Pradesh,Bulandshahr,Bharatiya Janata Party
Uttar Pradesh,Chandauli,Samajwadi Party
Uttar Pradesh,Deoria,Bharatiya Janata Party
Uttar Pradesh,Dhaurahra,Samajwadi Party
Uttar Pradesh,Domariyaganj,Bharatiya Janata Party
Uttar Pradesh,Etah,Samajwadi Party
Uttar Pradesh,Etawah,Samajwadi Party
Uttar Pradesh,Faizabad,Samajwadi Party
Uttar Pradesh,Farrukhabad,Bharatiya Janata Party
Uttar Pradesh,Fatehpur,Samajwadi Party
Uttar Pradesh,Fatehpur Sikri,Bharatiya Janata Party
Uttar Pradesh,Firozabad,Samajwadi Party
Uttar Pradesh,Gautam Buddha Nagar,Bharatiya Janata Party
Uttar Pradesh,Ghaziabad,Bharatiya Janata Party
Uttar Pradesh,Ghazipur,Samajwadi Party
Uttar Pradesh,Ghosi,Samajwadi Party
Uttar Pradesh,Gonda,Bharatiya Janata Party
Uttar Pradesh,Gorakhpur,Bharatiya Janata Party
Uttar Pradesh,Hamirpur,Samajwadi Party
Uttar Pradesh,Hardoi,Bharatiya Janata Party
Uttar Pradesh,Hathras,Bharatiya Janata Party
Uttar Pradesh,Jalaun,Samajwadi Party
Uttar Pradesh,Jaunpur,Samajwadi Party
Uttar Pradesh,Jhansi,Bharatiya Janata Party
Uttar Pradesh,Kairana,Samajwadi Party
Uttar Pradesh,Kaiserganj,Bharatiya Janata Party
Uttar Pradesh,Kannauj,Samajwadi Party
Uttar Pradesh,Kanpur,Bharatiya Janata Party
Uttar Pradesh,Kaushambi,Samajwadi Party
Uttar Pradesh,Kheri,Samajwadi Party
Uttar Pradesh,Kushi Nagar,Bharatiya Janata Party
Uttar Pradesh,Lalganj,Samajwadi Party
Uttar Pradesh,Lucknow,Bharatiya Janata Party
Uttar Pradesh,Machhlishahr,Samajwadi Party
Uttar Pradesh,Maharajganj,Bharatiya Janata Party
Uttar Pradesh,Mainpuri,Samajwadi Party
Uttar Pradesh,Mathura,Bharatiya Janata Party
Uttar Pradesh,Meerut,Bharatiya Janata Party
Uttar Pradesh,Mirzapur,Apna Dal (Soneylal)
Uttar Pradesh,Misrikh,Bharatiya Janata Party
Uttar Pradesh,Mohanlalganj,Samajwadi Party
Uttar Pradesh,Moradabad,Samajwadi Party
Uttar Pradesh,Muzaffarnagar,Samajwadi Party
Uttar Pradesh,Nagina,Aazad Samaj Party (Kanshi Ram)
Uttar Pradesh,Phulpur,Bharatiya Janata Party
Uttar Pradesh,Pilibhit,Bharatiya Janata Party
Uttar Pradesh,Pratapgarh,Samajwadi Party
Uttar Pradesh,Rae Bareli,Indian National Congress
Uttar Pradesh,Rampur,Samajwadi Party
Uttar Pradesh,Robertsganj,Samajwadi Party
Uttar Pradesh,Saharanpur,Indian National Congress
Uttar Pradesh,Salempur,Samajwadi Party
Uttar Pradesh,Sambhal,Samajwadi Party
Uttar Pradesh,Sant Kabir Nagar,Samajwadi Party
Uttar Pradesh,Shahjahanpur,Bharatiya Janata Party
Uttar Pradesh,Shrawasti,Samajwadi Party
Uttar Pradesh,Sitapur,Indian National Congress
Uttar Pradesh,Sultanpur,Samajwadi Party
Uttar Pradesh,Unnao,Bharatiya Janata Party
Uttar Pradesh,Varanasi,Bharatiya Janata Party
West Bengal,Alipurduars,Bharatiya Janata Party
West Bengal,Arambagh,All India Trinamool Congress
West Bengal,Asansol,All India Trinamool Congress
West Bengal,Baharampur,All India Trinamool Congress
West Bengal,Balurghat,Bharatiya Janata Party
West Bengal,Bangaon,Bharatiya Janata Party
West Bengal,Bankura,All India Trinamool Congress
West Bengal,Barasat,All India Trinamool Congress
West Bengal,Bardhaman Purba,All India Trinamool Congress
West Bengal,Bardhaman-Durgapur,All India Trinamool Congress
West Bengal,Barrackpur,All India Trinamool Congress
West Bengal,Basirhat,All India Trinamool Congress
West Bengal,Birbhum,All India Trinamool Congress
West Bengal,Bishnupur,Bharatiya Janata Party
West Bengal,Bolpur,All India Trinamool Congress
West Bengal,Coochbehar,All India Trinamool Congress
West Bengal,Darjeeling,Bharatiya Janata Party
West Bengal,Diamond harbour,All India Trinamool Congress
West Bengal,Dum dum,All India Trinamool Congress
West Bengal,Ghatal,All India Trinamool Congress
West Bengal,Hooghly,All India Trinamool Congress
West Bengal,Howrah,All India Trinamool Congress
West Bengal,Jadavpur,All India Trinamool Congress
West Bengal,Jalpaiguri,Bharatiya Janata Party
West Bengal,Jangipur,All India Trinamool Congress
West Bengal,Jhargram,All India Trinamool Congress
West Bengal,Joynagar,All India Trinamool Congress
West Bengal,Kanthi,Bharatiya Janata Party
West Bengal,Kolkata Dakshin,All India Trinamool Congress
West Bengal,Kolkata Uttar,All India Trinamool Congress
West Bengal,Krishnanagar,All India Trinamool Congress
West Bengal,Maldaha Dakshin,Indian National Congress
West Bengal,Maldaha Uttar,Bharatiya Janata Party
West Bengal,Mathurapur,All India Trinamool Congress
West Bengal,Medinipur,All India Trinamool Congress
West Bengal,Murshidabad,All India Trinamool Congress
West Bengal,Purulia,Bharatiya Janata Party
West Bengal,Raiganj,Bharatiya Janata Party
West Bengal,Ranaghat,Bharatiya Janata Party
West Bengal,Srerampur,All India Trinamool Congress
West Bengal,Tamluk,Bharatiya Janata Party
West Bengal,Uluberia,All India Trinamool Congress
Chhattisgarh,BASTAR,Bharatiya Janata Party
Chhattisgarh,BILASPUR,Bharatiya Janata Party
Chhattisgarh,DURG,Bharatiya Janata Party
Chhattisgarh,JANJGIR-CHAMPA,Bharatiya Janata Party
Chhattisgarh,KANKER,Bharatiya Janata Party
Chhattisgarh,KORBA,Indian National Congress
Chhattisgarh,MAHASAMUND,Bharatiya Janata Party
Chhattisgarh,RAIGARH,Bharatiya Janata Party
Chhattisgarh,RAIPUR,Bharatiya Janata Party
Chhattisgarh,RAJNANDGAON,Bharatiya Janata Party
Chhattisgarh,SURGUJA,Bharatiya Janata Party
Jharkhand,Chatra,Bharatiya Janata Party
Jharkhand,Dhanbad,Bharatiya Janata Party
Jharkhand,Dumka,Jharkhand Mukti Morcha
Jharkhand,Giridih,AJSU Party
Jharkhand,Godda,Bharatiya Janata Party
Jharkhand,Hazaribagh,Bharatiya Janata Party
Jharkhand,Jamshedpur,Bharatiya Janata Party
Jharkhand,Khunti,Indian National Congress
Jharkhand,Kodarma,Bharatiya Janata Party
Jharkhand,Lohardaga,Indian National Congress
Jharkhand,Palamau,Bharatiya Janata Party
Jharkhand,Rajmahal,Jharkhand Mukti Morcha
Jharkhand,Ranchi,Bharatiya Janata Party
Jharkhand,Singhbhum,Jharkhand Mukti Morcha
Uttarakhand,Almora,Bharatiya Janata Party
Uttarakhand,Garhwal,Bharatiya Janata Party
Uttarakhand,Haridwar,Bharatiya Janata Party
Uttarakhand,Nainital-Udhamsingh Nagar,Bharatiya Janata Party
Uttarakhand,Tehri Garhwal,Bharatiya Janata Party
Telangana,Adilabad,Bharatiya Janata Party
Telangana,Bhongir,Indian National Congress
Telangana,Chevella,Bharatiya Janata Party
Telangana,Hyderabad,All India Majlis-E-Ittehadul Muslimeen
Telangana,Karimnagar,Bharatiya Janata Party
Telangana,Khammam,Indian National Congress
Telangana,Mahabubabad,Indian National Congress
Telangana,Mahbubnagar,Bharatiya Janata Party
Telangana,Malkajgiri,Bharatiya Janata Party
Telangana,Medak,Bharatiya Janata Party
Telangana,Nagarkurnool,Indian National Congress
Telangana,Nalgonda,Indian National Congress
Telangana,Nizamabad,Bharatiya Janata Party
Telangana,Peddapalle,Indian National Congress
Telangana,Secunderabad,Bharatiya Janata Party
Telangana,Warangal,Indian National Congress
Telangana,Zahirabad,Indian National Congress
Andaman & Nicobar Islands,Andaman & Nicobar Islands,Bharatiya Janata Party
Chandigarh,Chandigarh,Indian National Congress
Dadra & Nagar Haveli and Daman & Diu,Dadar & Nagar Haveli,Bharatiya Janata Party
Dadra & Nagar Haveli and Daman & Diu,Daman & Diu,Independent
NCT OF Delhi,Chandni Chowk,Bharatiya Janata Party
NCT OF Delhi,East Delhi,Bharatiya Janata Party
NCT OF Delhi,New Delhi,Bharatiya Janata Party
NCT OF Delhi,North-East Delhi,Bharatiya Janata Party
NCT OF Delhi,North-West Delhi,Bharatiya Janata Party
NCT OF Delhi,South Delhi,Bharatiya Janata Party
NCT OF Delhi,West Delhi,Bharatiya Janata Party
Lakshadweep,Lakshadweep,Indian National Congress
Puducherry,PUDUCHERRY,Indian National Congress
Jammu and Kashmir,ANANTNAG-RAJOURI,Jammu & Kashmir National Conference
Jammu and Kashmir,BARAMULLA,Independent
Jammu and Kashmir,JAMMU,Bharatiya Janata Party
Jammu and Kashmir,SRINAGAR,Jammu & Kashmir National Conference
Jammu and Kashmir,UDHAMPUR,Bharatiya Janata Party
Ladakh,Ladakh,Independent
